{"cameraMode":{"drawMode":0,"name":"Shaded","section":"Shading Mode"},"sceneLighting":false,"audioPlay":false,"sceneViewState":{"m_AlwaysRefresh":false,"showFog":true,"showSkybox":false,"showFlares":true,"showImageEffects":true,"showParticleSystems":true,"showVisualEffectGraphs":true,"m_FxEnabled":true},"in2DMode":false,"pivot":{"x":8.678421974182129,"y":1.7763066291809083,"z":-1.3141227960586548},"rotation":{"x":-0.13663965463638307,"y":0.33627334237098696,"z":-0.04940272495150566,"w":-0.9305135011672974},"size":3.7976016998291017,"orthographic":false}