{"cameraMode":{"drawMode":0,"name":"Shaded","section":"Shading Mode"},"sceneLighting":false,"audioPlay":false,"sceneViewState":{"m_AlwaysRefresh":false,"showFog":true,"showSkybox":false,"showFlares":true,"showImageEffects":true,"showParticleSystems":true,"showVisualEffectGraphs":true,"m_FxEnabled":true},"in2DMode":false,"pivot":{"x":189.41000366210938,"y":23.549999237060548,"z":209.7899932861328},"rotation":{"x":-0.06329268217086792,"y":0.8798962831497192,"z":-0.12248345464468003,"w":-0.45475223660469057},"size":12.12435531616211,"orthographic":false}