{"cameraMode":{"drawMode":0,"name":"Shaded","section":"Shading Mode"},"sceneLighting":false,"audioPlay":false,"sceneViewState":{"m_AlwaysRefresh":false,"showFog":true,"showSkybox":false,"showFlares":true,"showImageEffects":true,"showParticleSystems":true,"showVisualEffectGraphs":true,"m_FxEnabled":true},"in2DMode":false,"pivot":{"x":17.559999465942384,"y":3.136077642440796,"z":-2.9934544563293459},"rotation":{"x":-0.13663965463638307,"y":0.33627334237098696,"z":-0.04940272495150566,"w":-0.9305135011672974},"size":6.3055949211120609,"orthographic":false}