{"cameraMode":{"drawMode":0,"name":"Shaded","section":"Shading Mode"},"sceneLighting":false,"audioPlay":false,"sceneViewState":{"m_AlwaysRefresh":false,"showFog":true,"showSkybox":false,"showFlares":true,"showImageEffects":true,"showParticleSystems":true,"showVisualEffectGraphs":true,"m_FxEnabled":true},"in2DMode":false,"pivot":{"x":5.639999866485596,"y":0.5832333564758301,"z":5.789999961853027},"rotation":{"x":-0.49727076292037966,"y":-0.030982455238699914,"z":0.017761865630745889,"w":-0.8668737411499023},"size":5.7259135246276859,"orthographic":false}