{"cameraMode":{"drawMode":0,"name":"Shaded","section":"Shading Mode"},"sceneLighting":false,"audioPlay":false,"sceneViewState":{"m_AlwaysRefresh":false,"showFog":true,"showSkybox":false,"showFlares":true,"showImageEffects":true,"showParticleSystems":true,"showVisualEffectGraphs":true,"m_FxEnabled":true},"in2DMode":false,"pivot":{"x":20.162736892700197,"y":-11.512307167053223,"z":25.85993766784668},"rotation":{"x":-0.4093717634677887,"y":-0.01343262568116188,"z":0.0060188667848706249,"w":-0.9122607111930847},"size":31.470748901367189,"orthographic":false}