{"cameraMode":{"drawMode":0,"name":"Shaded","section":"Shading Mode"},"sceneLighting":false,"audioPlay":false,"sceneViewState":{"m_AlwaysRefresh":false,"showFog":true,"showSkybox":false,"showFlares":true,"showImageEffects":true,"showParticleSystems":true,"showVisualEffectGraphs":true,"m_FxEnabled":true},"in2DMode":false,"pivot":{"x":1218.7896728515625,"y":731.1514892578125,"z":27.964170455932618},"rotation":{"x":-0.057275690138339999,"y":0.009264416992664338,"z":-0.0005408752476796508,"w":-0.9983272552490234},"size":456.2861633300781,"orthographic":false}