{"cameraMode":{"drawMode":0,"name":"Shaded","section":"Shading Mode"},"sceneLighting":false,"audioPlay":false,"sceneViewState":{"m_AlwaysRefresh":false,"showFog":true,"showSkybox":false,"showFlares":true,"showImageEffects":true,"showParticleSystems":true,"showVisualEffectGraphs":true,"m_FxEnabled":true},"in2DMode":false,"pivot":{"x":0.0733734518289566,"y":0.475236177444458,"z":0.08038222789764404},"rotation":{"x":-0.1214301735162735,"y":0.03600550442934036,"z":-0.004428768530488014,"w":-0.9919602274894714},"size":0.5579814910888672,"orthographic":false}