{"cameraMode":{"drawMode":0,"name":"Shaded","section":"Shading Mode"},"sceneLighting":false,"audioPlay":false,"sceneViewState":{"m_AlwaysRefresh":false,"showFog":true,"showSkybox":false,"showFlares":true,"showImageEffects":true,"showParticleSystems":true,"showVisualEffectGraphs":true,"m_FxEnabled":true},"in2DMode":false,"pivot":{"x":-0.036954522132873538,"y":0.08779874444007874,"z":0.0627514123916626},"rotation":{"x":-0.1214301735162735,"y":0.03600550442934036,"z":-0.004428768530488014,"w":-0.9919602274894714},"size":0.9230244159698486,"orthographic":false}