{"cameraMode":{"drawMode":0,"name":"Shaded","section":"Shading Mode"},"sceneLighting":false,"audioPlay":false,"sceneViewState":{"m_AlwaysRefresh":false,"showFog":true,"showSkybox":false,"showFlares":true,"showImageEffects":true,"showParticleSystems":true,"showVisualEffectGraphs":true,"m_FxEnabled":true},"in2DMode":false,"pivot":{"x":-0.04108583927154541,"y":0.0788184255361557,"z":0.05133849382400513},"rotation":{"x":-0.1214301735162735,"y":0.03600550442934036,"z":-0.004428768530488014,"w":-0.9919602274894714},"size":1.071087121963501,"orthographic":false}