{"cameraMode":{"drawMode":0,"name":"Shaded","section":"Shading Mode"},"sceneLighting":false,"audioPlay":false,"sceneViewState":{"m_AlwaysRefresh":false,"showFog":true,"showSkybox":false,"showFlares":true,"showImageEffects":true,"showParticleSystems":true,"showVisualEffectGraphs":true,"m_FxEnabled":true},"in2DMode":false,"pivot":{"x":6.299503326416016,"y":0.08323334157466889,"z":32.6878776550293},"rotation":{"x":-0.057275690138339999,"y":0.009264416992664338,"z":-0.0005408752476796508,"w":-0.9983272552490234},"size":0.8660253882408142,"orthographic":false}