{"cameraMode":{"drawMode":0,"name":"Shaded","section":"Shading Mode"},"sceneLighting":false,"audioPlay":false,"sceneViewState":{"m_AlwaysRefresh":false,"showFog":true,"showSkybox":false,"showFlares":true,"showImageEffects":true,"showParticleSystems":true,"showVisualEffectGraphs":true,"m_FxEnabled":true},"in2DMode":false,"pivot":{"x":0.47230955958366396,"y":0.9030598402023315,"z":-1.0960211753845215},"rotation":{"x":0.0023377621546387674,"y":0.9809305667877197,"z":-0.19405819475650788,"w":0.011753309518098832},"size":2.4921822547912599,"orthographic":false}